full_name,email,website,username
Page Cuniam,pcuniam0@goodreads.com,nba.com,pcuniam0
Emmie Hankins,ehankins1@indiatimes.com,msn.com,ehankins1
Noak Whelpdale,nwhelpdale2@creativecommons.org,wix.com,nwhelpdale2
Kizzie Leonida,kleonida3@weebly.com,ustream.tv,kleonida3
Ariela Gatecliffe,agatecliffe4@flavors.me,dot.gov,agatecliffe4
Addy Forsyth,aforsyth5@altervista.org,nasa.gov,aforsyth5
Mickie Trippack,mtrippack6@census.gov,mozilla.com,mtrippack6
Patty Grolle,pgrolle7@nationalgeographic.com,youtube.com,pgrolle7
Nessy Navaro,nnavaro8@slashdot.org,cpanel.net,nnavaro8
Rosalind Stuttard,rstuttard9@oaic.gov.au,deliciousdays.com,rstuttard9
Krystyna Prazor,kprazora@sitemeter.com,dell.com,kprazora
Stormie Jennison,sjennisonb@blogtalkradio.com,japanpost.jp,sjennisonb
Che Olerenshaw,colerenshawc@nydailynews.com,ebay.com,colerenshawc
Dexter Armatidge,darmatidged@reference.com,unesco.org,darmatidged
Pacorro Nano,pnanoe@drupal.org,oaic.gov.au,pnanoe
Man O'Gormley,mogormleyf@usa.gov,quantcast.com,mogormleyf
Darnell Blackborough,dblackboroughg@home.pl,com.com,dblackboroughg
Lonnie Yeo,lyeoh@rakuten.co.jp,shinystat.com,lyeoh
Roobbie Caret,rcareti@canalblog.com,wikipedia.org,rcareti
Jerrold Dahmel,jdahmelj@usa.gov,smh.com.au,jdahmelj
Seth Nisbet,snisbetk@hexun.com,yale.edu,snisbetk
Kira Ollcott,kollcottl@facebook.com,digg.com,kollcottl
Debby Josef,djosefm@elegantthemes.com,noaa.gov,djosefm
Imogen MacHostie,imachostien@360.cn,live.com,imachostien
Babs Nabarro,bnabarroo@businessinsider.com,etsy.com,bnabarroo
Garv Storrs,gstorrsp@elegantthemes.com,opensource.org,gstorrsp
Georas Brandrick,gbrandrickq@qq.com,tinypic.com,gbrandrickq
Vera MacGhee,vmacgheer@alexa.com,cloudflare.com,vmacgheer
Pedro Dehn,pdehns@google.co.jp,people.com.cn,pdehns
Remus Winkett,rwinkettt@about.com,webmd.com,rwinkettt
Erroll Drabble,edrabbleu@vkontakte.ru,yellowbook.com,edrabbleu
Fionna Hauger,fhaugerv@google.pl,zimbio.com,fhaugerv
Justin Skentelbury,jskentelburyw@topsy.com,themeforest.net,jskentelburyw
Dulciana Shakespear,dshakespearx@unblog.fr,va.gov,dshakespearx
Barnabas Lauga,blaugay@mediafire.com,newyorker.com,blaugay
Kiersten Neave,kneavez@nymag.com,bravesites.com,kneavez
Hayward Florence,hflorence10@japanpost.jp,bloglines.com,hflorence10
Forester Grzelewski,fgrzelewski11@free.fr,nymag.com,fgrzelewski11
Elka Jessel,ejessel12@lulu.com,scientificamerican.com,ejessel12
Durward Allsopp,dallsopp13@dmoz.org,spiegel.de,dallsopp13
Brandy Ernke,bernke14@ftc.gov,theglobeandmail.com,bernke14
Dud Geffinger,dgeffinger15@i2i.jp,abc.net.au,dgeffinger15
Mitch Rippen,mrippen16@cafepress.com,upenn.edu,mrippen16
Therese Prendeville,tprendeville17@census.gov,wired.com,tprendeville17
Birch Dowers,bdowers18@vimeo.com,mapquest.com,bdowers18
Elfrida Traves,etraves19@theglobeandmail.com,jugem.jp,etraves19
Ertha Dyzart,edyzart1a@un.org,google.co.jp,edyzart1a
Yurik Matyukon,ymatyukon1b@ucsd.edu,hibu.com,ymatyukon1b
Linnea Selland,lselland1c@yolasite.com,hc360.com,lselland1c
Lenette Moyler,lmoyler1d@over-blog.com,omniture.com,lmoyler1d
Dulcie Llewelly,dllewelly1e@prlog.org,xing.com,dllewelly1e
Tatum Huband,thuband1f@arstechnica.com,addthis.com,thuband1f
Giacomo Selvester,gselvester1g@amazon.de,cloudflare.com,gselvester1g
Cordey Cicculini,ccicculini1h@twitter.com,ed.gov,ccicculini1h
Hillyer Kohlert,hkohlert1i@mlb.com,eepurl.com,hkohlert1i
Northrop Hardwidge,nhardwidge1j@nymag.com,ca.gov,nhardwidge1j
Robinia Batiste,rbatiste1k@ocn.ne.jp,ow.ly,rbatiste1k
Claude Jedrych,cjedrych1l@tripod.com,harvard.edu,cjedrych1l
Tito Havesides,thavesides1m@house.gov,odnoklassniki.ru,thavesides1m
Shanna Mogie,smogie1n@ustream.tv,tripadvisor.com,smogie1n
Ferris Benley,fbenley1o@ed.gov,google.fr,fbenley1o
Maible Merricks,mmerricks1p@cmu.edu,answers.com,mmerricks1p
Maura Bernadon,mbernadon1q@youku.com,hexun.com,mbernadon1q
Hersh Leonard,hleonard1r@slashdot.org,scientificamerican.com,hleonard1r
Nonah Soan,nsoan1s@biglobe.ne.jp,dyndns.org,nsoan1s
Eolanda Turone,eturone1t@independent.co.uk,independent.co.uk,eturone1t
Mirabelle Coomer,mcoomer1u@weebly.com,hc360.com,mcoomer1u
Marshal Ratnage,mratnage1v@smh.com.au,purevolume.com,mratnage1v
Matthiew Eborall,meborall1w@homestead.com,bloglines.com,meborall1w
Frayda Ramsier,framsier1x@hao123.com,printfriendly.com,framsier1x
Ronnica Mapholm,rmapholm1y@cbsnews.com,aboutads.info,rmapholm1y
Sawyere Matuszkiewicz,smatuszkiewicz1z@washingtonpost.com,ed.gov,smatuszkiewicz1z
Terese Harnott,tharnott20@cargocollective.com,ow.ly,tharnott20
Larisa Rosgen,lrosgen21@netlog.com,foxnews.com,lrosgen21
Neysa Wigg,nwigg22@wufoo.com,storify.com,nwigg22
Jozef Sommer,jsommer23@51.la,chicagotribune.com,jsommer23
Marchall Frederick,mfrederick24@google.co.jp,shareasale.com,mfrederick24
Ondrea Ramshaw,oramshaw25@chronoengine.com,netvibes.com,oramshaw25
Holt Iredell,hiredell26@arstechnica.com,unicef.org,hiredell26
Antony Rechert,arechert27@fema.gov,arizona.edu,arechert27
Calvin Vatini,cvatini28@arizona.edu,ibm.com,cvatini28
Ave Letten,aletten29@blogspot.com,jugem.jp,aletten29
Roxi Domeny,rdomeny2a@wordpress.com,histats.com,rdomeny2a
Karrah Saylor,ksaylor2b@msn.com,yellowbook.com,ksaylor2b
Terry Mc Ilory,tmc2c@pbs.org,ocn.ne.jp,tmc2c
Lianne Clancey,lclancey2d@columbia.edu,squidoo.com,lclancey2d
Virginia Locket,vlocket2e@networkadvertising.org,businessweek.com,vlocket2e
Marice Bellenger,mbellenger2f@usa.gov,istockphoto.com,mbellenger2f
Elwyn Guillot,eguillot2g@skype.com,barnesandnoble.com,eguillot2g
Flint Timothy,ftimothy2h@tuttocitta.it,eepurl.com,ftimothy2h
Vincenty Bench,vbench2i@hostgator.com,1688.com,vbench2i
Courtnay Jerratsch,cjerratsch2j@mediafire.com,abc.net.au,cjerratsch2j
Georgiana Roz,groz2k@state.tx.us,technorati.com,groz2k
Terry Thowes,tthowes2l@mayoclinic.com,bloglovin.com,tthowes2l
Hunfredo McGiff,hmcgiff2m@php.net,cdc.gov,hmcgiff2m
Korry Dukesbury,kdukesbury2n@smh.com.au,narod.ru,kdukesbury2n
Betteann Premble,bpremble2o@ask.com,51.la,bpremble2o
Sauncho Slatcher,sslatcher2p@youku.com,adobe.com,sslatcher2p
Tremain Cowe,tcowe2q@canalblog.com,nationalgeographic.com,tcowe2q
Jacquette Plaskett,jplaskett2r@xing.com,blogger.com,jplaskett2r
Kaylyn Piffe,kpiffe2s@networksolutions.com,ifeng.com,kpiffe2s
Karlene Kyles,kkyles2t@sakura.ne.jp,npr.org,kkyles2t
Dov Sebring,dsebring2u@infoseek.co.jp,salon.com,dsebring2u
Patsy Broomhead,pbroomhead2v@opera.com,fc2.com,pbroomhead2v
Barris Henniger,bhenniger2w@gmpg.org,wikia.com,bhenniger2w
Kirstin Ghelerdini,kghelerdini2x@facebook.com,cnn.com,kghelerdini2x
Diandra Skypp,dskypp2y@arizona.edu,fotki.com,dskypp2y
Estrella Stickells,estickells2z@360.cn,smh.com.au,estickells2z
Sofie Zamorrano,szamorrano30@msn.com,nasa.gov,szamorrano30
Lu Gallally,lgallally31@clickbank.net,ibm.com,lgallally31
Nyssa Stanyer,nstanyer32@sphinn.com,wix.com,nstanyer32
Rawley Dutson,rdutson33@bigcartel.com,posterous.com,rdutson33
Patrice Fieldhouse,pfieldhouse34@list-manage.com,ft.com,pfieldhouse34
Jewell Donnison,jdonnison35@nifty.com,lulu.com,jdonnison35
Ailis Dwerryhouse,adwerryhouse36@unesco.org,1und1.de,adwerryhouse36
Regan Tyght,rtyght37@flavors.me,cnet.com,rtyght37
Madelena Solan,msolan38@github.com,bizjournals.com,msolan38
Nil Dunkerton,ndunkerton39@cam.ac.uk,yale.edu,ndunkerton39
Shamus Beer,sbeer3a@msn.com,vinaora.com,sbeer3a
Otis Lighton,olighton3b@europa.eu,diigo.com,olighton3b
Brnaby Janny,bjanny3c@nyu.edu,php.net,bjanny3c
Killie Ailsbury,kailsbury3d@youku.com,wisc.edu,kailsbury3d
Elora Fenney,efenney3e@pen.io,com.com,efenney3e
Cookie Daud,cdaud3f@nba.com,sfgate.com,cdaud3f
Waite Eliassen,weliassen3g@mayoclinic.com,yahoo.com,weliassen3g
Kerstin Huckstepp,khuckstepp3h@de.vu,themeforest.net,khuckstepp3h
Mack Abelwhite,mabelwhite3i@pagesperso-orange.fr,shop-pro.jp,mabelwhite3i
Vernen Follit,vfollit3j@ocn.ne.jp,stumbleupon.com,vfollit3j
Dorthea Lafoy,dlafoy3k@nyu.edu,whitehouse.gov,dlafoy3k
Albina Oglethorpe,aoglethorpe3l@state.tx.us,sciencedirect.com,aoglethorpe3l
Clevey Geaney,cgeaney3m@ebay.com,google.co.uk,cgeaney3m
Ettie Fronek,efronek3n@gmpg.org,reverbnation.com,efronek3n
Andre Tobias,atobias3o@gravatar.com,alexa.com,atobias3o
Cassie Dodle,cdodle3p@ocn.ne.jp,google.com,cdodle3p
Gina Melburg,gmelburg3q@amazon.com,homestead.com,gmelburg3q
Faustine Lampitt,flampitt3r@forbes.com,51.la,flampitt3r
Riki Phillpot,rphillpot3s@prweb.com,desdev.cn,rphillpot3s
Kerby Stollenbecker,kstollenbecker3t@seesaa.net,alexa.com,kstollenbecker3t
Myrtle Huyge,mhuyge3u@indiegogo.com,pinterest.com,mhuyge3u
Loralee Hubbold,lhubbold3v@163.com,jigsy.com,lhubbold3v
Thomasa Cuckoo,tcuckoo3w@people.com.cn,privacy.gov.au,tcuckoo3w
Rhona Middleditch,rmiddleditch3x@webs.com,dedecms.com,rmiddleditch3x
Jaymee Bottjer,jbottjer3y@webeden.co.uk,networkadvertising.org,jbottjer3y
Imogene Camilletti,icamilletti3z@vinaora.com,blogtalkradio.com,icamilletti3z
Allx Heyworth,aheyworth40@who.int,chicagotribune.com,aheyworth40
Cordi Worcester,cworcester41@cloudflare.com,xrea.com,cworcester41
Franklin Dannett,fdannett42@cornell.edu,google.it,fdannett42
Giles McIlwraith,gmcilwraith43@usnews.com,uol.com.br,gmcilwraith43
Lydon Warmisham,lwarmisham44@last.fm,gov.uk,lwarmisham44
Yoshiko Oxterby,yoxterby45@bravesites.com,artisteer.com,yoxterby45
Jolynn Casarini,jcasarini46@ezinearticles.com,goodreads.com,jcasarini46
Ivett Okroy,iokroy47@answers.com,state.gov,iokroy47
Chrysler Mulberry,cmulberry48@tripadvisor.com,vimeo.com,cmulberry48
Dame Hyatt,dhyatt49@edublogs.org,blog.com,dhyatt49
Philipa Strognell,pstrognell4a@shop-pro.jp,bizjournals.com,pstrognell4a
Nikolos Rosenfarb,nrosenfarb4b@uol.com.br,mysql.com,nrosenfarb4b
Hali Kleis,hkleis4c@businessweek.com,washingtonpost.com,hkleis4c
Baryram Ouchterlony,bouchterlony4d@ning.com,eepurl.com,bouchterlony4d
Frances Penketh,fpenketh4e@cnet.com,youtu.be,fpenketh4e
Aylmar Polle,apolle4f@mashable.com,umn.edu,apolle4f
Ardyth Borrow,aborrow4g@furl.net,who.int,aborrow4g
Ree Maghull,rmaghull4h@google.ru,shareasale.com,rmaghull4h
Laurie Cottesford,lcottesford4i@cisco.com,smugmug.com,lcottesford4i
Maegan Peeter,mpeeter4j@studiopress.com,netscape.com,mpeeter4j
Vina Poupard,vpoupard4k@cam.ac.uk,bbb.org,vpoupard4k
Michal Dubble,mdubble4l@accuweather.com,ocn.ne.jp,mdubble4l
Prent Prop,pprop4m@baidu.com,xing.com,pprop4m
Bram Lerwell,blerwell4n@marriott.com,soup.io,blerwell4n
Vivianne Elintune,velintune4o@answers.com,wikia.com,velintune4o
Clifford Roullier,croullier4p@chron.com,trellian.com,croullier4p
Brennan Haggerwood,bhaggerwood4q@harvard.edu,jugem.jp,bhaggerwood4q
Luis Tittershill,ltittershill4r@samsung.com,wix.com,ltittershill4r
Dimitry Gabb,dgabb4s@bloomberg.com,vimeo.com,dgabb4s
Clara Dable,cdable4t@hugedomains.com,ovh.net,cdable4t
Budd Filyaev,bfilyaev4u@wikispaces.com,indiatimes.com,bfilyaev4u
Oliy Brownsmith,obrownsmith4v@livejournal.com,cbsnews.com,obrownsmith4v
Walden Bugdale,wbugdale4w@deliciousdays.com,meetup.com,wbugdale4w
Kingsley Dussy,kdussy4x@businessweek.com,oracle.com,kdussy4x
Archibaldo Easterfield,aeasterfield4y@artisteer.com,utexas.edu,aeasterfield4y
Orlando Needham,oneedham4z@unicef.org,oracle.com,oneedham4z
Dominga Pascow,dpascow50@facebook.com,theatlantic.com,dpascow50
Sophia Collister,scollister51@homestead.com,youtu.be,scollister51
Danya Jira,djira52@psu.edu,t-online.de,djira52
Julian Masserel,jmasserel53@cbc.ca,ucsd.edu,jmasserel53
Collete Farlham,cfarlham54@ovh.net,ucoz.ru,cfarlham54
Kassia Stocken,kstocken55@cargocollective.com,tiny.cc,kstocken55
Prentice McSporon,pmcsporon56@wp.com,adobe.com,pmcsporon56
Lira Ballchin,lballchin57@mapy.cz,nbcnews.com,lballchin57
Rodina Skayman,rskayman58@taobao.com,unesco.org,rskayman58
Amity Bitcheno,abitcheno59@diigo.com,goo.gl,abitcheno59
Marne Hess,mhess5a@ft.com,tripod.com,mhess5a
Linea Nance,lnance5b@comsenz.com,blogtalkradio.com,lnance5b
Byrann Ansteys,bansteys5c@biblegateway.com,technorati.com,bansteys5c
Ave Clempton,aclempton5d@4shared.com,is.gd,aclempton5d
Liza Bonnick,lbonnick5e@huffingtonpost.com,aboutads.info,lbonnick5e
Aimil Jackman,ajackman5f@hp.com,mtv.com,ajackman5f
Terencio Jiroutka,tjiroutka5g@aol.com,digg.com,tjiroutka5g
Lynnea Loveard,lloveard5h@vk.com,unesco.org,lloveard5h
Arlana Juanico,ajuanico5i@thetimes.co.uk,goodreads.com,ajuanico5i
Courtnay Orgel,corgel5j@is.gd,blogger.com,corgel5j
Tish Domegan,tdomegan5k@chron.com,auda.org.au,tdomegan5k
Eveleen Deboy,edeboy5l@techcrunch.com,nifty.com,edeboy5l
Hakeem Cundict,hcundict5m@vinaora.com,blogtalkradio.com,hcundict5m
Jacquenetta Mariault,jmariault5n@telegraph.co.uk,quantcast.com,jmariault5n
Meade Pyett,mpyett5o@mtv.com,nature.com,mpyett5o
Alano Karlik,akarlik5p@illinois.edu,ed.gov,akarlik5p
Dawn Marconi,dmarconi5q@acquirethisname.com,yolasite.com,dmarconi5q
Aggy Sharvill,asharvill5r@youtube.com,unc.edu,asharvill5r
Mahmud Tilliard,mtilliard5s@taobao.com,blinklist.com,mtilliard5s
Gorden Gribble,ggribble5t@plala.or.jp,ezinearticles.com,ggribble5t
Darlleen MacAdie,dmacadie5u@angelfire.com,sfgate.com,dmacadie5u
Christoper Rutigliano,crutigliano5v@slashdot.org,thetimes.co.uk,crutigliano5v
Sylas Goulborn,sgoulborn5w@trellian.com,addtoany.com,sgoulborn5w
Tyson Fudger,tfudger5x@nytimes.com,google.fr,tfudger5x
Stephie Capelen,scapelen5y@pen.io,cbc.ca,scapelen5y
Nestor Chick,nchick5z@live.com,amazonaws.com,nchick5z
Niven Walaron,nwalaron60@miibeian.gov.cn,berkeley.edu,nwalaron60
Candy Durran,cdurran61@nyu.edu,symantec.com,cdurran61
Jesus Fosbraey,jfosbraey62@com.com,yandex.ru,jfosbraey62
Arielle Norris,anorris63@mozilla.org,alexa.com,anorris63
Morissa Whyffen,mwhyffen64@globo.com,usda.gov,mwhyffen64
Kettie Sturte,ksturte65@icq.com,businessinsider.com,ksturte65
Parrnell Russo,prusso66@amazon.de,thetimes.co.uk,prusso66
Leonerd Labon,llabon67@goo.ne.jp,skype.com,llabon67
Shaughn Whatsize,swhatsize68@angelfire.com,opensource.org,swhatsize68
Evita Cranidge,ecranidge69@wikimedia.org,cnet.com,ecranidge69
Nanette Norval,nnorval6a@cbc.ca,jigsy.com,nnorval6a
Cody Caird,ccaird6b@globo.com,virginia.edu,ccaird6b
Ellis Sokill,esokill6c@state.tx.us,macromedia.com,esokill6c
Norrie Bunch,nbunch6d@odnoklassniki.ru,squidoo.com,nbunch6d
Ulrikaumeko Cranfield,ucranfield6e@google.ca,goo.ne.jp,ucranfield6e
Barrett Biers,bbiers6f@yolasite.com,wikia.com,bbiers6f
Elmo Sharpus,esharpus6g@merriam-webster.com,cbc.ca,esharpus6g
Sabina Descroix,sdescroix6h@constantcontact.com,wsj.com,sdescroix6h
Amos Fairy,afairy6i@disqus.com,dot.gov,afairy6i
Olympia Emmines,oemmines6j@stumbleupon.com,who.int,oemmines6j
Egon Biasini,ebiasini6k@phpbb.com,amazon.de,ebiasini6k
Leland Denk,ldenk6l@unesco.org,parallels.com,ldenk6l
Lexy Bouchard,lbouchard6m@so-net.ne.jp,archive.org,lbouchard6m
Mady Goodinson,mgoodinson6n@woothemes.com,prlog.org,mgoodinson6n
Arv Fairleigh,afairleigh6o@facebook.com,naver.com,afairleigh6o
Jonah Lawly,jlawly6p@is.gd,google.co.jp,jlawly6p
Salvador Kleyn,skleyn6q@cdbaby.com,woothemes.com,skleyn6q
Addie Zeplin,azeplin6r@ehow.com,newsvine.com,azeplin6r
Trix Bonin,tbonin6s@biglobe.ne.jp,google.de,tbonin6s
Maxie Iltchev,miltchev6t@php.net,ucla.edu,miltchev6t
Krystal Caygill,kcaygill6u@state.tx.us,soundcloud.com,kcaygill6u
Joyan Gregs,jgregs6v@constantcontact.com,cbslocal.com,jgregs6v
Pavla Demer,pdemer6w@booking.com,google.fr,pdemer6w
Miltie L'Hommeau,mlhommeau6x@loc.gov,umn.edu,mlhommeau6x
Druci Haugg,dhaugg6y@ted.com,prnewswire.com,dhaugg6y
Abra Dawnay,adawnay6z@ycombinator.com,simplemachines.org,adawnay6z
Marlin Richardes,mrichardes70@kickstarter.com,forbes.com,mrichardes70
Petronilla Buller,pbuller71@bbc.co.uk,yandex.ru,pbuller71
Luigi Itzig,litzig72@clickbank.net,ucla.edu,litzig72
Nanete Schout,nschout73@wsj.com,reverbnation.com,nschout73
Federica Heardman,fheardman74@chronoengine.com,vistaprint.com,fheardman74
Malvin Greson,mgreson75@google.pl,drupal.org,mgreson75
Devin Dodding,ddodding76@upenn.edu,wsj.com,ddodding76
Leonora Huitson,lhuitson77@lulu.com,blogtalkradio.com,lhuitson77
Ronica Posselow,rposselow78@freewebs.com,blog.com,rposselow78
Jason Mould,jmould79@lulu.com,ft.com,jmould79
Clovis Gideon,cgideon7a@unc.edu,reuters.com,cgideon7a
Wells Dufton,wdufton7b@reuters.com,g.co,wdufton7b
Dania Melbourn,dmelbourn7c@nymag.com,china.com.cn,dmelbourn7c
Morganica Haensel,mhaensel7d@hud.gov,fc2.com,mhaensel7d
Danyette Goney,dgoney7e@nih.gov,indiegogo.com,dgoney7e
Stephen Hawton,shawton7f@desdev.cn,shop-pro.jp,shawton7f
Ciro Joseff,cjoseff7g@sbwire.com,cbsnews.com,cjoseff7g
Adrianne Gilchrest,agilchrest7h@smugmug.com,unesco.org,agilchrest7h
Dina Espadater,despadater7i@weather.com,si.edu,despadater7i
Perl Dayment,pdayment7j@cnet.com,pbs.org,pdayment7j
Lucia Bedlington,lbedlington7k@aboutads.info,mozilla.com,lbedlington7k
Verna Skitteral,vskitteral7l@vistaprint.com,usnews.com,vskitteral7l
Holmes Siddell,hsiddell7m@so-net.ne.jp,hibu.com,hsiddell7m
Norton Stonebanks,nstonebanks7n@woothemes.com,psu.edu,nstonebanks7n
Meriel Velden,mvelden7o@bigcartel.com,acquirethisname.com,mvelden7o
Janith Hubach,jhubach7p@arizona.edu,com.com,jhubach7p
Janean Douthwaite,jdouthwaite7q@alexa.com,w3.org,jdouthwaite7q
Cameron Bartrop,cbartrop7r@ning.com,xrea.com,cbartrop7r
Milli Hammer,mhammer7s@toplist.cz,yellowbook.com,mhammer7s
Phil Gai,pgai7t@amazon.de,who.int,pgai7t
Godwin Sawer,gsawer7u@sciencedaily.com,w3.org,gsawer7u
Prisca Stovin,pstovin7v@furl.net,springer.com,pstovin7v
Spenser Lanfear,slanfear7w@hibu.com,dedecms.com,slanfear7w
Waylen Wickins,wwickins7x@typepad.com,gov.uk,wwickins7x
Mellisa Delicate,mdelicate7y@craigslist.org,netlog.com,mdelicate7y
Winifred Cristofvao,wcristofvao7z@cdbaby.com,google.cn,wcristofvao7z
Zoe Arangy,zarangy80@tamu.edu,github.io,zarangy80
Alphonso Kenworthey,akenworthey81@blogtalkradio.com,uiuc.edu,akenworthey81
Ethelind Paladini,epaladini82@dot.gov,accuweather.com,epaladini82
Yankee Ionnisian,yionnisian83@exblog.jp,mayoclinic.com,yionnisian83
Emmerich Francescotti,efrancescotti84@uiuc.edu,psu.edu,efrancescotti84
Glad Coppenhall,gcoppenhall85@usgs.gov,tripod.com,gcoppenhall85
Xylina Clowes,xclowes86@mapy.cz,usatoday.com,xclowes86
Glennie Igounet,gigounet87@wikipedia.org,imgur.com,gigounet87
Keelia Linnane,klinnane88@linkedin.com,symantec.com,klinnane88
Niki Roskilly,nroskilly89@sourceforge.net,mozilla.org,nroskilly89
Emmit Arguile,earguile8a@dyndns.org,people.com.cn,earguile8a
Loraine Oakwood,loakwood8b@tripadvisor.com,tumblr.com,loakwood8b
Cathryn Thomann,cthomann8c@npr.org,arstechnica.com,cthomann8c
Dulcie Tipler,dtipler8d@networkadvertising.org,networkadvertising.org,dtipler8d
Shawnee Matousek,smatousek8e@chicagotribune.com,dmoz.org,smatousek8e
Guilbert Richardson,grichardson8f@cnbc.com,kickstarter.com,grichardson8f
Dorothea Chichgar,dchichgar8g@simplemachines.org,vimeo.com,dchichgar8g
Edithe Rhelton,erhelton8h@cafepress.com,list-manage.com,erhelton8h
Andras Loughead,aloughead8i@disqus.com,1und1.de,aloughead8i
Dillie Brunelli,dbrunelli8j@netvibes.com,dmoz.org,dbrunelli8j
Myranda Gouny,mgouny8k@google.com.au,barnesandnoble.com,mgouny8k
Scott Tilston,stilston8l@npr.org,intel.com,stilston8l
Claire Bootton,cbootton8m@ibm.com,is.gd,cbootton8m
Seth Lount,slount8n@google.co.jp,hatena.ne.jp,slount8n
Alikee Headingham,aheadingham8o@woothemes.com,jiathis.com,aheadingham8o
Cammy Trippitt,ctrippitt8p@pen.io,lycos.com,ctrippitt8p
Carroll Blasoni,cblasoni8q@51.la,archive.org,cblasoni8q
Melba Jordon,mjordon8r@eepurl.com,com.com,mjordon8r
Margie Billsberry,mbillsberry8s@weibo.com,opera.com,mbillsberry8s
Anabella Degan,adegan8t@ifeng.com,howstuffworks.com,adegan8t
Idette Berrington,iberrington8u@timesonline.co.uk,smugmug.com,iberrington8u
Noland Wavell,nwavell8v@jimdo.com,telegraph.co.uk,nwavell8v
Grissel Gorden,ggorden8w@discovery.com,reddit.com,ggorden8w
Mord Vickress,mvickress8x@naver.com,shinystat.com,mvickress8x
Hillie O'Glessane,hoglessane8y@biglobe.ne.jp,paypal.com,hoglessane8y
Witty Petzold,wpetzold8z@bigcartel.com,army.mil,wpetzold8z
Violet Cow,vcow90@sina.com.cn,sogou.com,vcow90
Lacy Biagioni,lbiagioni91@wikipedia.org,so-net.ne.jp,lbiagioni91
Morry Loveridge,mloveridge92@goo.ne.jp,elegantthemes.com,mloveridge92
Missie Arguile,marguile93@ted.com,berkeley.edu,marguile93
Edeline Gummow,egummow94@soundcloud.com,umn.edu,egummow94
Penny Treharne,ptreharne95@skype.com,jimdo.com,ptreharne95
Ambros Pavluk,apavluk96@webs.com,phoca.cz,apavluk96
Thorvald Wynne,twynne97@nydailynews.com,storify.com,twynne97
Poppy Luca,pluca98@blogspot.com,t-online.de,pluca98
Danila Cordie,dcordie99@about.com,mediafire.com,dcordie99
Hyacinthie Bywaters,hbywaters9a@artisteer.com,typepad.com,hbywaters9a
Cordie Lesor,clesor9b@tamu.edu,cbslocal.com,clesor9b
Betsey Hamill,bhamill9c@51.la,hugedomains.com,bhamill9c
Davey Bodicum,dbodicum9d@1688.com,plala.or.jp,dbodicum9d
Fairfax Judkin,fjudkin9e@tinypic.com,tripod.com,fjudkin9e
Gearalt Wrankmore,gwrankmore9f@answers.com,tumblr.com,gwrankmore9f
Kliment Tring,ktring9g@bloomberg.com,dion.ne.jp,ktring9g
Demetri Assiratti,dassiratti9h@epa.gov,nhs.uk,dassiratti9h
Valina Bourdis,vbourdis9i@jugem.jp,independent.co.uk,vbourdis9i
Stanford Paquet,spaquet9j@last.fm,w3.org,spaquet9j
Fara Stanlike,fstanlike9k@forbes.com,psu.edu,fstanlike9k
Darb Jeannot,djeannot9l@tiny.cc,edublogs.org,djeannot9l
Perren Rayman,prayman9m@jalbum.net,nba.com,prayman9m
Patrice Stembridge,pstembridge9n@oaic.gov.au,wunderground.com,pstembridge9n
Traver Overstone,toverstone9o@cdbaby.com,google.cn,toverstone9o
Tedda Cattonnet,tcattonnet9p@t.co,bing.com,tcattonnet9p
Maura Pickwell,mpickwell9q@sfgate.com,domainmarket.com,mpickwell9q
Sibley Tabbernor,stabbernor9r@ucoz.com,google.com.au,stabbernor9r
Harmon McNay,hmcnay9s@hugedomains.com,rakuten.co.jp,hmcnay9s
Irv Konertz,ikonertz9t@patch.com,lycos.com,ikonertz9t
Stavros Fissenden,sfissenden9u@seattletimes.com,youtu.be,sfissenden9u
Jobina Hellyer,jhellyer9v@timesonline.co.uk,sciencedaily.com,jhellyer9v
Onofredo Menat,omenat9w@delicious.com,miibeian.gov.cn,omenat9w
Arielle Jiroutka,ajiroutka9x@phpbb.com,google.ru,ajiroutka9x
Elliot Stambridge,estambridge9y@state.tx.us,ftc.gov,estambridge9y
Gertrudis Willcott,gwillcott9z@walmart.com,printfriendly.com,gwillcott9z
Rozalie De Meyer,rdea0@fda.gov,purevolume.com,rdea0
Jenifer Burlay,jburlaya1@addthis.com,ucsd.edu,jburlaya1
Odette Scawton,oscawtona2@umich.edu,seesaa.net,oscawtona2
Willdon Ameer-Beg,wameerbega3@thetimes.co.uk,printfriendly.com,wameerbega3
Gaye Munehay,gmunehaya4@slashdot.org,reuters.com,gmunehaya4
Maris Volcker,mvolckera5@typepad.com,cmu.edu,mvolckera5
Chicky Warricker,cwarrickera6@pbs.org,indiegogo.com,cwarrickera6
Chrissie Haughey,chaugheya7@boston.com,jigsy.com,chaugheya7
Blair Foynes,bfoynesa8@usnews.com,trellian.com,bfoynesa8
Connie O'Dee,codeea9@loc.gov,goodreads.com,codeea9
Leesa Chipps,lchippsaa@com.com,tinypic.com,lchippsaa
Marybelle Cossam,mcossamab@comsenz.com,constantcontact.com,mcossamab
Chandler Ellerey,cellereyac@aol.com,nasa.gov,cellereyac
Major Colum,mcolumad@altervista.org,imageshack.us,mcolumad
Ruthanne Caghan,rcaghanae@ebay.com,pbs.org,rcaghanae
Whitman Cussins,wcussinsaf@chronoengine.com,pen.io,wcussinsaf
Albina Mathers,amathersag@wikipedia.org,tumblr.com,amathersag
Lynelle Dory,ldoryah@wsj.com,opensource.org,ldoryah
Harper Swatridge,hswatridgeai@tripadvisor.com,google.pl,hswatridgeai
Harli Hele,hheleaj@google.it,samsung.com,hheleaj
Aubrey Gallacher,agallacherak@bbc.co.uk,imageshack.us,agallacherak
Emlynn Phlipon,ephliponal@sfgate.com,oakley.com,ephliponal
Brockie Allday,balldayam@csmonitor.com,wisc.edu,balldayam
Quintina Domenichelli,qdomenichellian@mapquest.com,netvibes.com,qdomenichellian
Fonsie Wilstead,fwilsteadao@icio.us,miitbeian.gov.cn,fwilsteadao
Rayshell Wingatt,rwingattap@uol.com.br,china.com.cn,rwingattap
Sher Robison,srobisonaq@imageshack.us,microsoft.com,srobisonaq
Eloise Trengrouse,etrengrousear@admin.ch,phpbb.com,etrengrousear
Guthry Buxam,gbuxamas@joomla.org,theglobeandmail.com,gbuxamas
Avrom Shakspeare,ashakspeareat@spiegel.de,deliciousdays.com,ashakspeareat
Corly Lipman,clipmanau@unblog.fr,about.com,clipmanau
Verine Brims,vbrimsav@bloglovin.com,ezinearticles.com,vbrimsav
Meggi Copin,mcopinaw@behance.net,artisteer.com,mcopinaw
Hy Sponton,hspontonax@abc.net.au,ning.com,hspontonax
Frankie Milmith,fmilmithay@pen.io,123-reg.co.uk,fmilmithay
Ginny Spaldin,gspaldinaz@patch.com,ow.ly,gspaldinaz
Shurlock Strickett,sstrickettb0@salon.com,nymag.com,sstrickettb0
Filippo Schindler,fschindlerb1@soundcloud.com,apple.com,fschindlerb1
Blakeley Watsam,bwatsamb2@wp.com,homestead.com,bwatsamb2
Rebe Rymell,rrymellb3@ebay.co.uk,e-recht24.de,rrymellb3
Carrol Squire,csquireb4@dailymotion.com,uol.com.br,csquireb4
Pat Groucock,pgroucockb5@domainmarket.com,dropbox.com,pgroucockb5
Anet Gillian,agillianb6@hud.gov,icq.com,agillianb6
Tris Forsdike,tforsdikeb7@home.pl,opera.com,tforsdikeb7
Brigg Absolem,babsolemb8@google.es,cbsnews.com,babsolemb8
Hymie Charlot,hcharlotb9@ow.ly,soup.io,hcharlotb9
Homere Couttes,hcouttesba@4shared.com,imageshack.us,hcouttesba
Antoinette Defond,adefondbb@addthis.com,state.gov,adefondbb
Beryl Howley,bhowleybc@virginia.edu,skyrock.com,bhowleybc
Jodie Tolman,jtolmanbd@europa.eu,domainmarket.com,jtolmanbd
Lottie Peeke,lpeekebe@admin.ch,telegraph.co.uk,lpeekebe
Gracie Ysson,gyssonbf@yellowbook.com,miitbeian.gov.cn,gyssonbf
Lay Milner,lmilnerbg@flavors.me,imdb.com,lmilnerbg
Shurlocke Dauney,sdauneybh@com.com,angelfire.com,sdauneybh
Westbrooke Ship,wshipbi@friendfeed.com,slashdot.org,wshipbi
Olin Linkie,olinkiebj@cmu.edu,yellowpages.com,olinkiebj
Datha Bazire,dbazirebk@paginegialle.it,4shared.com,dbazirebk
Rourke Alexsandrovich,ralexsandrovichbl@whitehouse.gov,hubpages.com,ralexsandrovichbl
Lorita Varnham,lvarnhambm@yellowpages.com,g.co,lvarnhambm
Ange Edgerley,aedgerleybn@sphinn.com,flavors.me,aedgerleybn
Charmion Wincott,cwincottbo@theatlantic.com,4shared.com,cwincottbo
Thane Arnaudot,tarnaudotbp@miibeian.gov.cn,twitpic.com,tarnaudotbp
Jonathan Smetoun,jsmetounbq@joomla.org,comcast.net,jsmetounbq
Massimiliano Randerson,mrandersonbr@hhs.gov,gmpg.org,mrandersonbr
Brandyn Rendle,brendlebs@wired.com,ibm.com,brendlebs
Karissa Zorzenoni,kzorzenonibt@bandcamp.com,arizona.edu,kzorzenonibt
Scott Pettis,spettisbu@xrea.com,amazon.co.uk,spettisbu
Randie Allworthy,rallworthybv@dailymotion.com,cmu.edu,rallworthybv
Shoshanna Eddolls,seddollsbw@aboutads.info,privacy.gov.au,seddollsbw
Meg Axten,maxtenbx@1und1.de,ucoz.ru,maxtenbx
Inger Chidley,ichidleyby@deliciousdays.com,eventbrite.com,ichidleyby
Mignonne Keilloh,mkeillohbz@geocities.jp,tamu.edu,mkeillohbz
Llewellyn Quogan,lquoganc0@php.net,flickr.com,lquoganc0
Oralee Goard,ogoardc1@a8.net,xinhuanet.com,ogoardc1
Timi Christoffe,tchristoffec2@bandcamp.com,cisco.com,tchristoffec2
Olag Pescud,opescudc3@illinois.edu,netscape.com,opescudc3
Gretchen Shawcroft,gshawcroftc4@apple.com,people.com.cn,gshawcroftc4
Caye Tull,ctullc5@aboutads.info,newsvine.com,ctullc5
Sibelle Dwane,sdwanec6@businesswire.com,miibeian.gov.cn,sdwanec6
Roxy Sperry,rsperryc7@facebook.com,theatlantic.com,rsperryc7
Renate Stigell,rstigellc8@washingtonpost.com,xinhuanet.com,rstigellc8
Ranna Braga,rbragac9@timesonline.co.uk,fastcompany.com,rbragac9
Loretta Leefe,lleefeca@nps.gov,cnn.com,lleefeca
Simona Czaja,sczajacb@europa.eu,blogtalkradio.com,sczajacb
Grange Yanshonok,gyanshonokcc@earthlink.net,hp.com,gyanshonokcc
Free Peat,fpeatcd@wired.com,ezinearticles.com,fpeatcd
Hatty Reynoldson,hreynoldsonce@biblegateway.com,naver.com,hreynoldsonce
Alecia Gibbett,agibbettcf@microsoft.com,irs.gov,agibbettcf
Kellie Coling,kcolingcg@cargocollective.com,artisteer.com,kcolingcg
Ariadne Whartonby,awhartonbych@printfriendly.com,pbs.org,awhartonbych
Trudi Ledwitch,tledwitchci@usatoday.com,mlb.com,tledwitchci
Jinny Kingescot,jkingescotcj@studiopress.com,furl.net,jkingescotcj
Gregg Wasbey,gwasbeyck@cnn.com,dion.ne.jp,gwasbeyck
Nerta Bracey,nbraceycl@reference.com,google.com,nbraceycl
Hetti Wrought,hwroughtcm@huffingtonpost.com,csmonitor.com,hwroughtcm
Miguelita Rosser,mrossercn@economist.com,bing.com,mrossercn
Dulsea Clutram,dclutramco@cdbaby.com,goodreads.com,dclutramco
Philbert Avard,pavardcp@sun.com,hexun.com,pavardcp
Isak Lobe,ilobecq@netvibes.com,desdev.cn,ilobecq
Heidi Suttaby,hsuttabycr@creativecommons.org,dion.ne.jp,hsuttabycr
Marya Aguirrezabal,maguirrezabalcs@google.com.au,omniture.com,maguirrezabalcs
Mureil Amy,mamyct@npr.org,si.edu,mamyct
Auberon Minshall,aminshallcu@forbes.com,bing.com,aminshallcu
Hirsch Stranio,hstraniocv@hc360.com,state.gov,hstraniocv
Thoma Ship,tshipcw@ning.com,photobucket.com,tshipcw
Nealson Aris,nariscx@sitemeter.com,blogs.com,nariscx
Stormy Rivalland,srivallandcy@hexun.com,tamu.edu,srivallandcy
Christoper Petrillo,cpetrillocz@npr.org,1688.com,cpetrillocz
Ashley Berndt,aberndtd0@1und1.de,mysql.com,aberndtd0
Bone Andrus,bandrusd1@mayoclinic.com,nih.gov,bandrusd1
Peyter Marte,pmarted2@stanford.edu,apple.com,pmarted2
Morlee Pele,mpeled3@ustream.tv,nydailynews.com,mpeled3
Eileen Scheffler,eschefflerd4@desdev.cn,ihg.com,eschefflerd4
Lutero Doggerell,ldoggerelld5@wordpress.com,usgs.gov,ldoggerelld5
Somerset Petschelt,spetscheltd6@si.edu,freewebs.com,spetscheltd6
Esra Lightning,elightningd7@huffingtonpost.com,freewebs.com,elightningd7
Leodora Edie,ledied8@artisteer.com,linkedin.com,ledied8
Alyse Mewitt,amewittd9@sbwire.com,phpbb.com,amewittd9
Michael Langman,mlangmanda@github.com,huffingtonpost.com,mlangmanda
Dal Tomney,dtomneydb@accuweather.com,reuters.com,dtomneydb
Davy Fendt,dfendtdc@spotify.com,google.com.hk,dfendtdc
Janice Clayworth,jclayworthdd@ibm.com,amazon.de,jclayworthdd
Corine Scoyne,cscoynede@hubpages.com,wisc.edu,cscoynede
Zachery Whales,zwhalesdf@irs.gov,pbs.org,zwhalesdf
Rufus Staton,rstatondg@state.tx.us,wisc.edu,rstatondg
Hayward Berthomieu,hberthomieudh@instagram.com,dyndns.org,hberthomieudh
Kiersten Durante,kdurantedi@walmart.com,earthlink.net,kdurantedi
Alric Beretta,aberettadj@amazon.com,1und1.de,aberettadj
Lilyan Leggatt,lleggattdk@craigslist.org,ihg.com,lleggattdk
Kaylyn Capeling,kcapelingdl@g.co,foxnews.com,kcapelingdl
Cara Halsey,chalseydm@chron.com,cbsnews.com,chalseydm
Agata Abelwhite,aabelwhitedn@weather.com,redcross.org,aabelwhitedn
Giavani Chaikovski,gchaikovskido@ehow.com,tamu.edu,gchaikovskido
Gloria Arnoll,garnolldp@yellowbook.com,fema.gov,garnolldp
Janessa Hazelton,jhazeltondq@marriott.com,narod.ru,jhazeltondq
Jacquie Burgh,jburghdr@jigsy.com,state.tx.us,jburghdr
Elisha Thundercliffe,ethundercliffeds@bbc.co.uk,indiegogo.com,ethundercliffeds
Bonnibelle Lambirth,blambirthdt@github.io,soundcloud.com,blambirthdt
Guido Pridmore,gpridmoredu@aol.com,ameblo.jp,gpridmoredu
Thedric Gian,tgiandv@nyu.edu,studiopress.com,tgiandv
Darleen Kemmett,dkemmettdw@gizmodo.com,gizmodo.com,dkemmettdw
Olia Francioli,ofranciolidx@is.gd,cisco.com,ofranciolidx
Honor Bernardet,hbernardetdy@indiatimes.com,cmu.edu,hbernardetdy
Becca Higgen,bhiggendz@samsung.com,unesco.org,bhiggendz
Bessie Vergine,bverginee0@disqus.com,netvibes.com,bverginee0
Olivero Bartram,obartrame1@slideshare.net,biglobe.ne.jp,obartrame1
Dorotea Polhill,dpolhille2@etsy.com,bbb.org,dpolhille2
Darbee O'Leagham,doleaghame3@yahoo.com,salon.com,doleaghame3
Randee Stretton,rstrettone4@nih.gov,ning.com,rstrettone4
Ethel Bodleigh,ebodleighe5@nature.com,geocities.jp,ebodleighe5
Pammy Westwell,pwestwelle6@dyndns.org,wikia.com,pwestwelle6
Sander Belfitt,sbelfitte7@scribd.com,icio.us,sbelfitte7
Cherice Cleiment,ccleimente8@printfriendly.com,etsy.com,ccleimente8
Chloris Blatherwick,cblatherwicke9@ovh.net,washington.edu,cblatherwicke9
Shawn Seekings,sseekingsea@people.com.cn,icq.com,sseekingsea
Alisander Binion,abinioneb@usatoday.com,icq.com,abinioneb
Robbie Tame,rtameec@yolasite.com,gov.uk,rtameec
Fanchon Southwell,fsouthwelled@gmpg.org,simplemachines.org,fsouthwelled
Fifine Trahmel,ftrahmelee@mit.edu,pen.io,ftrahmelee
Natka Slowgrove,nslowgroveef@jigsy.com,hatena.ne.jp,nslowgroveef
Calypso Cristofano,ccristofanoeg@miibeian.gov.cn,intel.com,ccristofanoeg
Janeen Melhuish,jmelhuisheh@tinyurl.com,lulu.com,jmelhuisheh
Binny Tozer,btozerei@multiply.com,skyrock.com,btozerei
Tonia Wollen,twollenej@salon.com,wisc.edu,twollenej
Lyssa Winspire,lwinspireek@businessweek.com,nps.gov,lwinspireek
Bernetta Oades,boadesel@t.co,simplemachines.org,boadesel
Elnore Feyer,efeyerem@baidu.com,theguardian.com,efeyerem
Otis McCluskey,omccluskeyen@istockphoto.com,tripadvisor.com,omccluskeyen
Becky Killik,bkillikeo@squidoo.com,sitemeter.com,bkillikeo
Clary Cherrie,ccherrieep@alexa.com,loc.gov,ccherrieep
Arlie MacAughtrie,amacaughtrieeq@chron.com,nifty.com,amacaughtrieeq
Isabelle Kopps,ikoppser@bluehost.com,wired.com,ikoppser
Hanni Timms,htimmses@rakuten.co.jp,booking.com,htimmses
Roxanna Sivills,rsivillset@cornell.edu,theatlantic.com,rsivillset
Kennie Cossentine,kcossentineeu@liveinternet.ru,last.fm,kcossentineeu
Dyane Esselen,desselenev@example.com,samsung.com,desselenev
Obadias Tyt,otytew@google.nl,msn.com,otytew
Antonia Wones,awonesex@ucoz.ru,virginia.edu,awonesex
Hayes Guidi,hguidiey@google.co.jp,npr.org,hguidiey
Vinita Hickin,vhickinez@liveinternet.ru,opensource.org,vhickinez
Isahella Lidstone,ilidstonef0@devhub.com,nydailynews.com,ilidstonef0
Stefa Benez,sbenezf1@addthis.com,addthis.com,sbenezf1
Griffy Maffucci,gmaffuccif2@ezinearticles.com,people.com.cn,gmaffuccif2
Em Robelow,erobelowf3@nydailynews.com,cam.ac.uk,erobelowf3
Kessiah O'Keaveny,kokeavenyf4@squidoo.com,tuttocitta.it,kokeavenyf4
Fairlie Bassom,fbassomf5@newyorker.com,fastcompany.com,fbassomf5
Edythe Wintringham,ewintringhamf6@intel.com,jigsy.com,ewintringhamf6
Erin Longina,elonginaf7@paypal.com,reference.com,elonginaf7
Welch Aven,wavenf8@example.com,devhub.com,wavenf8
Delbert Softley,dsoftleyf9@paypal.com,goo.ne.jp,dsoftleyf9
Jordanna Vassbender,jvassbenderfa@uiuc.edu,jimdo.com,jvassbenderfa
Glynnis Freak,gfreakfb@pcworld.com,blogtalkradio.com,gfreakfb
Lori Fryd,lfrydfc@fastcompany.com,ask.com,lfrydfc
Vernen Ringrose,vringrosefd@geocities.com,mlb.com,vringrosefd
Ariel Tynewell,atynewellfe@jimdo.com,elegantthemes.com,atynewellfe
Kizzie Swafield,kswafieldff@uol.com.br,businesswire.com,kswafieldff
Cookie Hustler,chustlerfg@tumblr.com,dot.gov,chustlerfg
Carmela Bax,cbaxfh@wikia.com,mozilla.com,cbaxfh
Alistair Spurrier,aspurrierfi@google.com,sciencedirect.com,aspurrierfi
Correna Broinlich,cbroinlichfj@google.it,sciencedirect.com,cbroinlichfj
Audy Bicheno,abichenofk@zimbio.com,intel.com,abichenofk
Arman Tomaskov,atomaskovfl@linkedin.com,webeden.co.uk,atomaskovfl
Ursala Walch,uwalchfm@shop-pro.jp,xing.com,uwalchfm
Candi Margrie,cmargriefn@army.mil,cnet.com,cmargriefn
Ives Tandey,itandeyfo@360.cn,canalblog.com,itandeyfo
Leandra Lumsdaine,llumsdainefp@mlb.com,slate.com,llumsdainefp
Ezmeralda Markwick,emarkwickfq@google.com.hk,newsvine.com,emarkwickfq
Boris Manis,bmanisfr@wiley.com,ed.gov,bmanisfr
Electra Bakster,ebaksterfs@constantcontact.com,nifty.com,ebaksterfs
Rolph Rockingham,rrockinghamft@harvard.edu,yahoo.co.jp,rrockinghamft
Isidoro Mines,iminesfu@nasa.gov,wunderground.com,iminesfu
Aarika Trask,atraskfv@gravatar.com,ted.com,atraskfv
Cleopatra Slimmon,cslimmonfw@bbc.co.uk,example.com,cslimmonfw
Caryl Gransden,cgransdenfx@washington.edu,paginegialle.it,cgransdenfx
Enrichetta Lamlin,elamlinfy@cdc.gov,dagondesign.com,elamlinfy
Halsy Rean,hreanfz@wired.com,forbes.com,hreanfz
Twila Fedoronko,tfedoronkog0@moonfruit.com,xrea.com,tfedoronkog0
Violetta Steers,vsteersg1@ovh.net,admin.ch,vsteersg1
Pepillo Biddulph,pbiddulphg2@vk.com,paypal.com,pbiddulphg2
Eddi Linton,elintong3@webnode.com,homestead.com,elintong3
Lammond Dickey,ldickeyg4@people.com.cn,shutterfly.com,ldickeyg4
Veda Linck,vlinckg5@naver.com,npr.org,vlinckg5
Leonidas McEneny,lmcenenyg6@state.gov,ow.ly,lmcenenyg6
Kit Hartup,khartupg7@soup.io,com.com,khartupg7
Blakelee Dodwell,bdodwellg8@cmu.edu,geocities.jp,bdodwellg8
Joli Cotilard,jcotilardg9@discuz.net,europa.eu,jcotilardg9
Baldwin Stallen,bstallenga@pbs.org,php.net,bstallenga
Cosetta Gorgen,cgorgengb@forbes.com,paginegialle.it,cgorgengb
Elena Harrison,eharrisongc@blinklist.com,domainmarket.com,eharrisongc
Nadeen Sawart,nsawartgd@biglobe.ne.jp,bbc.co.uk,nsawartgd
Selma Gillibrand,sgillibrandge@51.la,usda.gov,sgillibrandge
Bobbie Buffham,bbuffhamgf@weebly.com,over-blog.com,bbuffhamgf
Raul Rosendorf,rrosendorfgg@slideshare.net,sun.com,rrosendorfgg
Prue Kaspar,pkaspargh@godaddy.com,mediafire.com,pkaspargh
Sallyann Conneau,sconneaugi@phoca.cz,ebay.com,sconneaugi
Fenelia Coker,fcokergj@nsw.gov.au,discuz.net,fcokergj
Korry Risbie,krisbiegk@flavors.me,earthlink.net,krisbiegk
Blanca Ginner,bginnergl@meetup.com,utexas.edu,bginnergl
Glyn Mattack,gmattackgm@twitter.com,opera.com,gmattackgm
Turner Loch,tlochgn@oakley.com,soundcloud.com,tlochgn
Kattie Wiltshaw,kwiltshawgo@bluehost.com,ihg.com,kwiltshawgo
Torr Moorwood,tmoorwoodgp@surveymonkey.com,baidu.com,tmoorwoodgp
Neal Station,nstationgq@blogspot.com,plala.or.jp,nstationgq
Clare Lismore,clismoregr@nyu.edu,cloudflare.com,clismoregr
Brietta Traill,btraillgs@mozilla.com,flavors.me,btraillgs
Henrie Tattersall,htattersallgt@unc.edu,ucla.edu,htattersallgt
Susie Priest,spriestgu@squidoo.com,engadget.com,spriestgu
Heriberto Baudesson,hbaudessongv@miitbeian.gov.cn,deliciousdays.com,hbaudessongv
Torrie Senten,tsentengw@hubpages.com,pen.io,tsentengw
Booth Guille,bguillegx@soup.io,amazonaws.com,bguillegx
Jeramey Hischke,jhischkegy@parallels.com,ed.gov,jhischkegy
Lissi Poppleton,lpoppletongz@ask.com,amazon.co.uk,lpoppletongz
Ardeen Elkin,aelkinh0@epa.gov,cafepress.com,aelkinh0
Son King,skingh1@ebay.com,timesonline.co.uk,skingh1
Micah Burtenshaw,mburtenshawh2@ebay.com,google.co.jp,mburtenshawh2
Constantina Burgot,cburgoth3@newyorker.com,mac.com,cburgoth3
Lilah Bowton,lbowtonh4@imgur.com,sbwire.com,lbowtonh4
Carey Goult,cgoulth5@cnn.com,rambler.ru,cgoulth5
Crissy Fransemai,cfransemaih6@tamu.edu,studiopress.com,cfransemaih6
Vincenty Jenkyn,vjenkynh7@zimbio.com,weather.com,vjenkynh7
Ardeen Dodgshun,adodgshunh8@wordpress.org,noaa.gov,adodgshunh8
Frasco MacCafferky,fmaccafferkyh9@surveymonkey.com,gizmodo.com,fmaccafferkyh9
Lisetta Ciccotto,lciccottoha@ihg.com,cbslocal.com,lciccottoha
Sydelle Mixture,smixturehb@prlog.org,51.la,smixturehb
Margaux Bilbey,mbilbeyhc@psu.edu,is.gd,mbilbeyhc
Hamel Billanie,hbillaniehd@upenn.edu,disqus.com,hbillaniehd
Leonanie Rouff,lrouffhe@dagondesign.com,purevolume.com,lrouffhe
Reed Esch,reschhf@behance.net,surveymonkey.com,reschhf
Nesta Ferrara,nferrarahg@github.io,youku.com,nferrarahg
Alonzo Bartoli,abartolihh@godaddy.com,g.co,abartolihh
Debbie Londesborough,dlondesboroughhi@thetimes.co.uk,163.com,dlondesboroughhi
Remus Austins,raustinshj@goodreads.com,freewebs.com,raustinshj
Modesta Leedal,mleedalhk@opera.com,ftc.gov,mleedalhk
Rina Mathewes,rmatheweshl@adobe.com,163.com,rmatheweshl
Kassia Cattlemull,kcattlemullhm@nytimes.com,usnews.com,kcattlemullhm
Flinn Venmore,fvenmorehn@github.io,goo.gl,fvenmorehn
Kathy Quantrell,kquantrellho@nymag.com,wikia.com,kquantrellho
Lonny Boyack,lboyackhp@alexa.com,xing.com,lboyackhp
Evangelin Eddis,eeddishq@microsoft.com,cisco.com,eeddishq
Sherline Kells,skellshr@xing.com,lycos.com,skellshr
Dulsea Casel,dcaselhs@wikia.com,usa.gov,dcaselhs
Franciska McGillacoell,fmcgillacoellht@phoca.cz,livejournal.com,fmcgillacoellht
Baron Zukerman,bzukermanhu@sciencedirect.com,tinyurl.com,bzukermanhu
Quincy Allsobrook,qallsobrookhv@umn.edu,pcworld.com,qallsobrookhv
Dannie Chalcraft,dchalcrafthw@illinois.edu,pagesperso-orange.fr,dchalcrafthw
Eamon Gerbel,egerbelhx@arizona.edu,abc.net.au,egerbelhx
Kermie Lamanby,klamanbyhy@cisco.com,intel.com,klamanbyhy
Janeva Sturzaker,jsturzakerhz@hao123.com,exblog.jp,jsturzakerhz
Adi Kem,akemi0@plala.or.jp,delicious.com,akemi0
Norean Gonneau,ngonneaui1@devhub.com,ca.gov,ngonneaui1
Ardisj Josselson,ajosselsoni2@blog.com,parallels.com,ajosselsoni2
Ronnie Dailly,rdaillyi3@github.io,spotify.com,rdaillyi3
Aarika Hallatt,ahallatti4@nationalgeographic.com,pagesperso-orange.fr,ahallatti4
Mathilda Bartod,mbartodi5@soup.io,diigo.com,mbartodi5
Fitz Worsnip,fworsnipi6@bravesites.com,amazon.co.jp,fworsnipi6
Orin Gaunt,ogaunti7@wisc.edu,seesaa.net,ogaunti7
Jeremy Farnie,jfarniei8@redcross.org,cbsnews.com,jfarniei8
Billye Copsey,bcopseyi9@stanford.edu,prweb.com,bcopseyi9
Taylor Nann,tnannia@elpais.com,google.it,tnannia
Shane Simanek,ssimanekib@xing.com,flavors.me,ssimanekib
Bail Amps,bampsic@tinyurl.com,timesonline.co.uk,bampsic
Bartlett Mosdall,bmosdallid@wix.com,tinyurl.com,bmosdallid
Augustine Shedd,asheddie@chronoengine.com,a8.net,asheddie
Salomon Gabbetis,sgabbetisif@boston.com,ca.gov,sgabbetisif
Stan Holliar,sholliarig@unblog.fr,shop-pro.jp,sholliarig
Lisha Chiene,lchieneih@storify.com,barnesandnoble.com,lchieneih
Anitra Escalante,aescalanteii@adobe.com,alibaba.com,aescalanteii
Melloney Wyndham,mwyndhamij@pen.io,ycombinator.com,mwyndhamij
Daryl LaBastida,dlabastidaik@paypal.com,opera.com,dlabastidaik
Sapphira Gonsalvez,sgonsalvezil@engadget.com,seattletimes.com,sgonsalvezil
Maren Quartley,mquartleyim@paginegialle.it,google.cn,mquartleyim
Fifine Goodban,fgoodbanin@pen.io,opensource.org,fgoodbanin
Luca Apfel,lapfelio@cpanel.net,360.cn,lapfelio
Will Drife,wdrifeip@sun.com,typepad.com,wdrifeip
Kristoffer Fairham,kfairhamiq@msn.com,soup.io,kfairhamiq
Joanna Neild,jneildir@go.com,360.cn,jneildir
Inger Stobbie,istobbieis@utexas.edu,sciencedaily.com,istobbieis
Aurilia Hemms,ahemmsit@columbia.edu,bbb.org,ahemmsit
Gussi Brookesbie,gbrookesbieiu@hp.com,last.fm,gbrookesbieiu
Candis Doey,cdoeyiv@dailymotion.com,wp.com,cdoeyiv
Prue Wilcinskis,pwilcinskisiw@indiegogo.com,discuz.net,pwilcinskisiw
Olivero Paulsson,opaulssonix@xing.com,last.fm,opaulssonix
Brandi Curd,bcurdiy@washingtonpost.com,mayoclinic.com,bcurdiy
Marys Paulus,mpaulusiz@paginegialle.it,google.com,mpaulusiz
Heidi Currm,hcurrmj0@nifty.com,sciencedaily.com,hcurrmj0
Franny Linggard,flinggardj1@reddit.com,ebay.com,flinggardj1
Cal Dooher,cdooherj2@ebay.com,ning.com,cdooherj2
Sean Roskams,sroskamsj3@tamu.edu,themeforest.net,sroskamsj3
Deane Aitchinson,daitchinsonj4@usgs.gov,eventbrite.com,daitchinsonj4
Brander Mallabar,bmallabarj5@ucoz.com,pbs.org,bmallabarj5
Taddeo Totton,ttottonj6@facebook.com,soup.io,ttottonj6
Nelie Garm,ngarmj7@theglobeandmail.com,homestead.com,ngarmj7
Sascha Jendricke,sjendrickej8@cmu.edu,angelfire.com,sjendrickej8
Sumner Gravatt,sgravattj9@aboutads.info,ebay.com,sgravattj9
Margery Harhoff,mharhoffja@blogspot.com,thetimes.co.uk,mharhoffja
Russ Edridge,redridgejb@goodreads.com,slate.com,redridgejb
Jayme Benoey,jbenoeyjc@cpanel.net,businesswire.com,jbenoeyjc
Dallon Quaintance,dquaintancejd@quantcast.com,liveinternet.ru,dquaintancejd
Constantin O'Fearguise,cofearguiseje@clickbank.net,nytimes.com,cofearguiseje
Benedick Marfield,bmarfieldjf@reuters.com,unicef.org,bmarfieldjf
Sibyl Ortet,sortetjg@twitter.com,seesaa.net,sortetjg
Jaime Greer,jgreerjh@ning.com,youtu.be,jgreerjh
Griz D'Andrea,gdandreaji@desdev.cn,google.cn,gdandreaji
Janaye Aujouanet,jaujouanetjj@angelfire.com,wikispaces.com,jaujouanetjj
Dallon Jaycocks,djaycocksjk@ed.gov,networksolutions.com,djaycocksjk
Hadley Farrall,hfarralljl@nasa.gov,meetup.com,hfarralljl
Bud Rodger,brodgerjm@w3.org,jalbum.net,brodgerjm
Tad Najara,tnajarajn@yahoo.co.jp,phpbb.com,tnajarajn
Blanca Goligher,bgoligherjo@ifeng.com,pen.io,bgoligherjo
Aurora Studeart,astudeartjp@google.co.uk,epa.gov,astudeartjp
Sydel Verick,sverickjq@technorati.com,omniture.com,sverickjq
Josey Skeermer,jskeermerjr@prlog.org,bravesites.com,jskeermerjr
Darline Upcraft,dupcraftjs@ucoz.ru,mapy.cz,dupcraftjs
Delila Gatsby,dgatsbyjt@purevolume.com,yahoo.co.jp,dgatsbyjt
Keefe Corkan,kcorkanju@altervista.org,alibaba.com,kcorkanju
Elset Chazier,echazierjv@netlog.com,feedburner.com,echazierjv
Dylan Vaskin,dvaskinjw@netlog.com,last.fm,dvaskinjw
Valle Maymond,vmaymondjx@hao123.com,ucsd.edu,vmaymondjx
Zea Pescud,zpescudjy@smugmug.com,icq.com,zpescudjy
Anjela Trudgion,atrudgionjz@jalbum.net,gmpg.org,atrudgionjz
Herbert Deignan,hdeignank0@bloglines.com,php.net,hdeignank0
Gardy Findlater,gfindlaterk1@w3.org,istockphoto.com,gfindlaterk1
Susannah Nequest,snequestk2@istockphoto.com,amazon.de,snequestk2
Rebeka Zecchi,rzecchik3@state.tx.us,gnu.org,rzecchik3
Sharia Dobie,sdobiek4@php.net,yellowpages.com,sdobiek4
Adan Minchinton,aminchintonk5@pen.io,moonfruit.com,aminchintonk5
Karlee Slany,kslanyk6@usa.gov,digg.com,kslanyk6
Bea Valens-Smith,bvalenssmithk7@infoseek.co.jp,altervista.org,bvalenssmithk7
Ursula Valett,uvalettk8@google.ru,vk.com,uvalettk8
Hewet Andreia,handreiak9@reference.com,msu.edu,handreiak9
Micky Atger,matgerka@mediafire.com,sfgate.com,matgerka
Sharlene Lafranconi,slafranconikb@mayoclinic.com,arizona.edu,slafranconikb
Gabrila Woodhouse,gwoodhousekc@woothemes.com,soundcloud.com,gwoodhousekc
Donnamarie Glacken,dglackenkd@harvard.edu,oaic.gov.au,dglackenkd
Barby Roon,broonke@com.com,europa.eu,broonke
Tadeas Cramond,tcramondkf@simplemachines.org,cbslocal.com,tcramondkf
Timothy Stanyan,tstanyankg@prnewswire.com,rambler.ru,tstanyankg
Koenraad Babar,kbabarkh@sohu.com,xing.com,kbabarkh
Georgena Kinnon,gkinnonki@chronoengine.com,cyberchimps.com,gkinnonki
Cornela McGeffen,cmcgeffenkj@kickstarter.com,salon.com,cmcgeffenkj
Davida Delea,ddeleakk@nydailynews.com,livejournal.com,ddeleakk
Arlan Durman,adurmankl@dailymail.co.uk,walmart.com,adurmankl
Gustave Authers,gautherskm@ameblo.jp,free.fr,gautherskm
Garey Roobottom,groobottomkn@biglobe.ne.jp,harvard.edu,groobottomkn
Parry Baggallay,pbaggallayko@linkedin.com,cdbaby.com,pbaggallayko
Leeann Redmire,lredmirekp@merriam-webster.com,gizmodo.com,lredmirekp
Anthe Pinshon,apinshonkq@liveinternet.ru,dropbox.com,apinshonkq
Chrissy Gambles,cgambleskr@newsvine.com,hp.com,cgambleskr
Rachel Mailes,rmailesks@mapquest.com,comcast.net,rmailesks
Violet Godlip,vgodlipkt@odnoklassniki.ru,skype.com,vgodlipkt
Arlina Bursnall,abursnallku@cpanel.net,phoca.cz,abursnallku
Si Blamire,sblamirekv@sbwire.com,mit.edu,sblamirekv
Chlo MacCartan,cmaccartankw@a8.net,amazon.de,cmaccartankw
Britteny Kibbel,bkibbelkx@aol.com,i2i.jp,bkibbelkx
Ellswerth Girsch,egirschky@alexa.com,webeden.co.uk,egirschky
Jammie Saterweyte,jsaterweytekz@mysql.com,behance.net,jsaterweytekz
Basilius Le Fevre,blel0@msn.com,nytimes.com,blel0
Benyamin Greenroad,bgreenroadl1@dion.ne.jp,hugedomains.com,bgreenroadl1
Sutton Yalden,syaldenl2@twitter.com,bing.com,syaldenl2
Gaye Filippi,gfilippil3@bloglovin.com,soundcloud.com,gfilippil3
Noemi MacIntosh,nmacintoshl4@quantcast.com,infoseek.co.jp,nmacintoshl4
Aurilia Crates,acratesl5@oakley.com,wisc.edu,acratesl5
Celene Cannam,ccannaml6@ycombinator.com,lulu.com,ccannaml6
Aura Ornells,aornellsl7@marketwatch.com,deliciousdays.com,aornellsl7
Micheil Rumsey,mrumseyl8@arizona.edu,odnoklassniki.ru,mrumseyl8
Rosa Cooling,rcoolingl9@un.org,slashdot.org,rcoolingl9
Clerc Batcheldor,cbatcheldorla@who.int,census.gov,cbatcheldorla
Aubrette Renfree,arenfreelb@fda.gov,uiuc.edu,arenfreelb
Kev Boshard,kboshardlc@mit.edu,gmpg.org,kboshardlc
Octavius Simononsky,osimononskyld@furl.net,admin.ch,osimononskyld
Chrystal Mapples,cmapplesle@miitbeian.gov.cn,harvard.edu,cmapplesle
Crissie Barnsdall,cbarnsdalllf@angelfire.com,infoseek.co.jp,cbarnsdalllf
Coleen Thumann,cthumannlg@tinyurl.com,timesonline.co.uk,cthumannlg
Alanna Hyatt,ahyattlh@blogs.com,jimdo.com,ahyattlh
Amanda Wilkinson,awilkinsonli@google.com.au,hibu.com,awilkinsonli
Anet Stollenbecker,astollenbeckerlj@vkontakte.ru,cbslocal.com,astollenbeckerlj
Clarine Bradshaw,cbradshawlk@dailymotion.com,cyberchimps.com,cbradshawlk
Fawn O'Hogertie,fohogertiell@europa.eu,cbc.ca,fohogertiell
Quint Kingsland,qkingslandlm@hugedomains.com,wikispaces.com,qkingslandlm
Benson O'Driscoll,bodriscollln@deviantart.com,chicagotribune.com,bodriscollln
Katina Pert,kpertlo@washingtonpost.com,delicious.com,kpertlo
Jaime Abramchik,jabramchiklp@umich.edu,vk.com,jabramchiklp
Charmine Greensall,cgreensalllq@typepad.com,instagram.com,cgreensalllq
Avictor Nigh,anighlr@ted.com,utexas.edu,anighlr
Alfy Pennell,apennellls@netvibes.com,seesaa.net,apennellls
Minna Culleton,mculletonlt@columbia.edu,netlog.com,mculletonlt
Corissa Bernardoni,cbernardonilu@nifty.com,about.me,cbernardonilu
Hillel Fallis,hfallislv@de.vu,ocn.ne.jp,hfallislv
Jazmin Warn,jwarnlw@miibeian.gov.cn,marketwatch.com,jwarnlw
Del Trigg,dtrigglx@state.tx.us,sakura.ne.jp,dtrigglx
Herold Erangy,herangyly@desdev.cn,jimdo.com,herangyly
Fawnia Demaid,fdemaidlz@va.gov,wikia.com,fdemaidlz
Conant Rubi,crubim0@diigo.com,xinhuanet.com,crubim0
Sisile Mercik,smercikm1@imageshack.us,sbwire.com,smercikm1
Iormina Sille,isillem2@un.org,vkontakte.ru,isillem2
Tamqrah Bartoszinski,tbartoszinskim3@youtu.be,yale.edu,tbartoszinskim3
Dalt Guiden,dguidenm4@omniture.com,aol.com,dguidenm4
Ulrick Innes,uinnesm5@oracle.com,facebook.com,uinnesm5
Marius Oen,moenm6@virginia.edu,auda.org.au,moenm6
Merwyn Gunbie,mgunbiem7@cafepress.com,marketwatch.com,mgunbiem7
Jessee Sonley,jsonleym8@skype.com,yelp.com,jsonleym8
Shoshanna Coopper,scoopperm9@blogtalkradio.com,illinois.edu,scoopperm9
Germaine Cresser,gcresserma@elpais.com,aol.com,gcresserma
Ira Brittian,ibrittianmb@jugem.jp,comsenz.com,ibrittianmb
Minette Duggen,mduggenmc@vkontakte.ru,deliciousdays.com,mduggenmc
Vittorio Dahl,vdahlmd@godaddy.com,wunderground.com,vdahlmd
D'arcy Steptowe,dsteptoweme@epa.gov,army.mil,dsteptoweme
Donni Ollie,dolliemf@cmu.edu,biblegateway.com,dolliemf
Ernestine Titmarsh,etitmarshmg@merriam-webster.com,blogtalkradio.com,etitmarshmg
Beverlee Skelbeck,bskelbeckmh@opensource.org,phpbb.com,bskelbeckmh
Nadeen Moffet,nmoffetmi@umich.edu,prweb.com,nmoffetmi
Gerick Piggen,gpiggenmj@skype.com,who.int,gpiggenmj
Schuyler Cansdale,scansdalemk@ameblo.jp,stumbleupon.com,scansdalemk
Barron Tant,btantml@oaic.gov.au,eepurl.com,btantml
Garrik Cloonan,gcloonanmm@themeforest.net,nymag.com,gcloonanmm
Dorena Widdowes,dwiddowesmn@1und1.de,twitpic.com,dwiddowesmn
Hercules Doxsey,hdoxseymo@chronoengine.com,msn.com,hdoxseymo
Valery Hegley,vhegleymp@photobucket.com,bing.com,vhegleymp
Andrei Goldwater,agoldwatermq@digg.com,histats.com,agoldwatermq
Augustina Kirkland,akirklandmr@ft.com,elegantthemes.com,akirklandmr
Sofie Warbrick,swarbrickms@google.co.uk,yellowbook.com,swarbrickms
Sib Zamboniari,szamboniarimt@godaddy.com,telegraph.co.uk,szamboniarimt
Ellwood Buckoke,ebuckokemu@reddit.com,devhub.com,ebuckokemu
Konstantin O'Keevan,kokeevanmv@abc.net.au,techcrunch.com,kokeevanmv
Dasya Chittleburgh,dchittleburghmw@alexa.com,sitemeter.com,dchittleburghmw
Rutledge Strettell,rstrettellmx@ebay.co.uk,over-blog.com,rstrettellmx
Joscelin Robelin,jrobelinmy@nature.com,skyrock.com,jrobelinmy
Ammamaria Umfrey,aumfreymz@booking.com,gnu.org,aumfreymz
Adrianne Sunley,asunleyn0@foxnews.com,bigcartel.com,asunleyn0
Berri McBayne,bmcbaynen1@photobucket.com,bizjournals.com,bmcbaynen1
Davine Braunds,dbraundsn2@mozilla.org,hc360.com,dbraundsn2
Jard Corp,jcorpn3@themeforest.net,livejournal.com,jcorpn3
Peri Millan,pmillann4@seesaa.net,ovh.net,pmillann4
Donielle Row,drown5@behance.net,bravesites.com,drown5
Rod Pendergast,rpendergastn6@hud.gov,simplemachines.org,rpendergastn6
Meara Emslie,memslien7@apache.org,zimbio.com,memslien7
Kris Drinkel,kdrinkeln8@cisco.com,wired.com,kdrinkeln8
Caesar Lovejoy,clovejoyn9@zdnet.com,sfgate.com,clovejoyn9
Chrissy Betun,cbetunna@weather.com,apple.com,cbetunna
Chrissie Cundey,ccundeynb@msu.edu,usnews.com,ccundeynb
Caprice Bletso,cbletsonc@japanpost.jp,canalblog.com,cbletsonc
Gene Dowyer,gdowyernd@cbc.ca,php.net,gdowyernd
Janene Fessions,jfessionsne@seesaa.net,uol.com.br,jfessionsne
Mallory Rohlf,mrohlfnf@sphinn.com,vistaprint.com,mrohlfnf
Yvon Croneen,ycroneenng@geocities.com,house.gov,ycroneenng
Rand Hydes,rhydesnh@msn.com,smh.com.au,rhydesnh
Morlee Stellin,mstellinni@google.nl,google.es,mstellinni
Anjanette Merigon,amerigonnj@blogspot.com,myspace.com,amerigonnj
Claude Wakeham,cwakehamnk@slate.com,goodreads.com,cwakehamnk
Garth Vedishchev,gvedishchevnl@ibm.com,facebook.com,gvedishchevnl
Cleon Brigden,cbrigdennm@tuttocitta.it,economist.com,cbrigdennm
Dorelle Shawcross,dshawcrossnn@github.com,livejournal.com,dshawcrossnn
Godard Edmott,gedmottno@cam.ac.uk,lycos.com,gedmottno
Lemmy Milburn,lmilburnnp@goodreads.com,infoseek.co.jp,lmilburnnp
Dela Darbon,ddarbonnq@apache.org,npr.org,ddarbonnq
Kerwinn Bigg,kbiggnr@livejournal.com,naver.com,kbiggnr
Hieronymus Fassman,hfassmanns@wisc.edu,washingtonpost.com,hfassmanns
Malcolm Sprowson,msprowsonnt@google.com.br,amazon.com,msprowsonnt
Torey Cristofolo,tcristofolonu@instagram.com,cnbc.com,tcristofolonu
Dru Westhofer,dwesthofernv@adobe.com,shutterfly.com,dwesthofernv
Colleen Pozzo,cpozzonw@fastcompany.com,lycos.com,cpozzonw
Daisie Haeslier,dhaesliernx@altervista.org,alibaba.com,dhaesliernx
Chrissy Govett,cgovettny@pbs.org,bbc.co.uk,cgovettny
Nedi Svanetti,nsvanettinz@biblegateway.com,wikimedia.org,nsvanettinz
Haleigh Callendar,hcallendaro0@amazonaws.com,forbes.com,hcallendaro0
Anett Canellas,acanellaso1@ted.com,wikispaces.com,acanellaso1
Derry Morando,dmorandoo2@tripod.com,ow.ly,dmorandoo2
Mark Devonald,mdevonaldo3@marketwatch.com,epa.gov,mdevonaldo3
Nealy Roantree,nroantreeo4@cdc.gov,histats.com,nroantreeo4
Fern Klouz,fklouzo5@house.gov,ibm.com,fklouzo5
Shoshanna Goare,sgoareo6@dagondesign.com,latimes.com,sgoareo6
Olympe Guilloton,oguillotono7@i2i.jp,msu.edu,oguillotono7
Beilul Guillard,bguillardo8@prlog.org,linkedin.com,bguillardo8
Marcia Siemons,msiemonso9@hhs.gov,instagram.com,msiemonso9
Courtnay Plevin,cplevinoa@who.int,eepurl.com,cplevinoa
Pris Seagar,pseagarob@va.gov,mit.edu,pseagarob
Donall McNelly,dmcnellyoc@hexun.com,bbc.co.uk,dmcnellyoc
Denis Abbatt,dabbattod@wordpress.org,1und1.de,dabbattod
Chrystel Dunnet,cdunnetoe@prweb.com,cafepress.com,cdunnetoe
Lorrie King,lkingof@mayoclinic.com,nifty.com,lkingof
Giles Sedgebeer,gsedgebeerog@abc.net.au,wikipedia.org,gsedgebeerog
Janek Reddell,jreddelloh@phpbb.com,cornell.edu,jreddelloh
Gloria Morales,gmoralesoi@feedburner.com,taobao.com,gmoralesoi
Archibaldo Whitney,awhitneyoj@paginegialle.it,vimeo.com,awhitneyoj
Monty Brayshaw,mbrayshawok@qq.com,huffingtonpost.com,mbrayshawok
Rosamond Hurle,rhurleol@webeden.co.uk,ebay.co.uk,rhurleol
Nathalie Halt,nhaltom@w3.org,nyu.edu,nhaltom
Reginald Spadazzi,rspadazzion@parallels.com,creativecommons.org,rspadazzion
Tadd Airs,tairsoo@washington.edu,indiegogo.com,tairsoo
Otto Burkwood,oburkwoodop@alexa.com,aboutads.info,oburkwoodop
Karine Lavallin,klavallinoq@cloudflare.com,dailymail.co.uk,klavallinoq
Leticia Alyonov,lalyonovor@bravesites.com,blogspot.com,lalyonovor
Magda Tremathack,mtremathackos@blog.com,cisco.com,mtremathackos
Griselda Waller,gwallerot@time.com,abc.net.au,gwallerot
Penelope Spence,pspenceou@reddit.com,imgur.com,pspenceou
Rachael Phoenix,rphoenixov@yellowpages.com,macromedia.com,rphoenixov
Chan Fincham,cfinchamow@skyrock.com,utexas.edu,cfinchamow
Micky Ciobotaro,mciobotaroox@un.org,pagesperso-orange.fr,mciobotaroox
Roseann Sleicht,rsleichtoy@jigsy.com,weather.com,rsleichtoy
Michele Hatto,mhattooz@live.com,slate.com,mhattooz
Helsa McIlwrath,hmcilwrathp0@naver.com,walmart.com,hmcilwrathp0
Lisetta Philcock,lphilcockp1@squarespace.com,flickr.com,lphilcockp1
Rachel Glozman,rglozmanp2@liveinternet.ru,com.com,rglozmanp2
Sari Belone,sbelonep3@oakley.com,flickr.com,sbelonep3
Anthea Lockery,alockeryp4@mashable.com,ox.ac.uk,alockeryp4
Jacquenette Bigrigg,jbigriggp5@noaa.gov,macromedia.com,jbigriggp5
Adams Tearle,atearlep6@omniture.com,stumbleupon.com,atearlep6
Carine Rozanski,crozanskip7@qq.com,latimes.com,crozanskip7
Gery Cudby,gcudbyp8@dailymotion.com,de.vu,gcudbyp8
Deirdre Jenicek,djenicekp9@lycos.com,4shared.com,djenicekp9
Kris Murrow,kmurrowpa@godaddy.com,craigslist.org,kmurrowpa
Brod Shreeves,bshreevespb@google.nl,barnesandnoble.com,bshreevespb
Bird Joist,bjoistpc@seattletimes.com,guardian.co.uk,bjoistpc
Nonna Brimacombe,nbrimacombepd@mlb.com,cpanel.net,nbrimacombepd
Dre Larmouth,dlarmouthpe@whitehouse.gov,goodreads.com,dlarmouthpe
Irwinn Cream,icreampf@howstuffworks.com,altervista.org,icreampf
Hanson Zimmerman,hzimmermanpg@usnews.com,loc.gov,hzimmermanpg
Carissa Ferre,cferreph@scientificamerican.com,cargocollective.com,cferreph
Gussy Conklin,gconklinpi@4shared.com,sbwire.com,gconklinpi
Florian Burgoine,fburgoinepj@umn.edu,kickstarter.com,fburgoinepj
Marje Blennerhassett,mblennerhassettpk@princeton.edu,businesswire.com,mblennerhassettpk
Clark Winfred,cwinfredpl@list-manage.com,yolasite.com,cwinfredpl
Nevins Lennie,nlenniepm@vk.com,hao123.com,nlenniepm
Camila Stiegars,cstiegarspn@360.cn,gov.uk,cstiegarspn
Alys O'Doogan,aodooganpo@goo.gl,altervista.org,aodooganpo
Hansiain Bastiman,hbastimanpp@geocities.com,youtu.be,hbastimanpp
Delmer Fullylove,dfullylovepq@icio.us,toplist.cz,dfullylovepq
Josephine Pittman,jpittmanpr@cmu.edu,chicagotribune.com,jpittmanpr
Appolonia Lumbly,alumblyps@csmonitor.com,w3.org,alumblyps
Norina Stanner,nstannerpt@guardian.co.uk,state.tx.us,nstannerpt
Ashia Cleeve,acleevepu@gravatar.com,edublogs.org,acleevepu
Kienan Cheetham,kcheethampv@ftc.gov,home.pl,kcheethampv
Datha Hayhoe,dhayhoepw@cnbc.com,chronoengine.com,dhayhoepw
Pooh Ropars,proparspx@behance.net,bluehost.com,proparspx
Marianna Spraggs,mspraggspy@wikimedia.org,altervista.org,mspraggspy
Cherrita Kynder,ckynderpz@loc.gov,nymag.com,ckynderpz
Lishe Gronous,lgronousq0@etsy.com,earthlink.net,lgronousq0
Virgilio Pelfer,vpelferq1@pcworld.com,topsy.com,vpelferq1
Karim Redd,kreddq2@ezinearticles.com,go.com,kreddq2
Nicol Thurgood,nthurgoodq3@desdev.cn,dailymail.co.uk,nthurgoodq3
Freedman Stammer,fstammerq4@si.edu,youku.com,fstammerq4
Casper Godfery,cgodferyq5@elegantthemes.com,jiathis.com,cgodferyq5
Jud Dibbin,jdibbinq6@newyorker.com,boston.com,jdibbinq6
Jillie Kelbie,jkelbieq7@domainmarket.com,gizmodo.com,jkelbieq7
Sephira Hercules,sherculesq8@comsenz.com,wordpress.org,sherculesq8
Lek Artiss,lartissq9@51.la,bandcamp.com,lartissq9
Adler Danilewicz,adanilewiczqa@slate.com,51.la,adanilewiczqa
Mara Damsell,mdamsellqb@epa.gov,mozilla.org,mdamsellqb
Angelica Renney,arenneyqc@walmart.com,amazon.de,arenneyqc
Henrie Richley,hrichleyqd@aboutads.info,usda.gov,hrichleyqd
Gennie Asher,gasherqe@hao123.com,washington.edu,gasherqe
Eveleen Thresher,ethresherqf@purevolume.com,chronoengine.com,ethresherqf
Jedidiah Schubbert,jschubbertqg@europa.eu,oakley.com,jschubbertqg
Seka McIan,smcianqh@dagondesign.com,dagondesign.com,smcianqh
Phaedra Pilmer,ppilmerqi@usnews.com,is.gd,ppilmerqi
Carilyn Resdale,cresdaleqj@friendfeed.com,sciencedirect.com,cresdaleqj
Carce McKirton,cmckirtonqk@statcounter.com,cocolog-nifty.com,cmckirtonqk
Nappie Wewell,nwewellql@noaa.gov,geocities.com,nwewellql
Adolphe Kinsey,akinseyqm@icio.us,paypal.com,akinseyqm
Koo Eschelle,keschelleqn@cnn.com,dailymotion.com,keschelleqn
Ivette Deeson,ideesonqo@icq.com,wikispaces.com,ideesonqo
Kathie Korn,kkornqp@narod.ru,mlb.com,kkornqp
Gigi Meakin,gmeakinqq@4shared.com,free.fr,gmeakinqq
Normand Dormand,ndormandqr@histats.com,mit.edu,ndormandqr
Dom Bembrick,dbembrickqs@reverbnation.com,flickr.com,dbembrickqs
Fletch Formoy,fformoyqt@nyu.edu,livejournal.com,fformoyqt
Gweneth Loxly,gloxlyqu@thetimes.co.uk,cnn.com,gloxlyqu
Randie Romaint,rromaintqv@taobao.com,netvibes.com,rromaintqv
Mathilde Pollok,mpollokqw@tumblr.com,blogger.com,mpollokqw
Giulio Gatrell,ggatrellqx@ehow.com,shinystat.com,ggatrellqx
Lyndsey Oldknowe,loldknoweqy@deviantart.com,list-manage.com,loldknoweqy
Auria Schultze,aschultzeqz@exblog.jp,people.com.cn,aschultzeqz
Gaylord Ell,gellr0@sphinn.com,biglobe.ne.jp,gellr0
Trescha Blencowe,tblencower1@admin.ch,furl.net,tblencower1
Laraine Abbis,labbisr2@vkontakte.ru,nhs.uk,labbisr2
Con Kares,ckaresr3@amazonaws.com,amazon.de,ckaresr3
Eadith Kerin,ekerinr4@addthis.com,free.fr,ekerinr4
Gerry Condy,gcondyr5@narod.ru,hibu.com,gcondyr5
Eward Weerdenburg,eweerdenburgr6@un.org,newyorker.com,eweerdenburgr6
Clay Banasik,cbanasikr7@nhs.uk,miitbeian.gov.cn,cbanasikr7
Franciska McAllester,fmcallesterr8@hao123.com,ebay.co.uk,fmcallesterr8
Ben Bilovsky,bbilovskyr9@shop-pro.jp,goodreads.com,bbilovskyr9
Selinda Dunn,sdunnra@icq.com,privacy.gov.au,sdunnra
Heidi MacConnal,hmacconnalrb@state.gov,europa.eu,hmacconnalrb
Eb Pensom,epensomrc@instagram.com,go.com,epensomrc
Siana Digle,sdiglerd@biblegateway.com,noaa.gov,sdiglerd
Marty Wein,mweinre@tumblr.com,about.com,mweinre
Lenee Napleton,lnapletonrf@auda.org.au,vkontakte.ru,lnapletonrf
Kippy Bonick,kbonickrg@nps.gov,xinhuanet.com,kbonickrg
Jodee Peirpoint,jpeirpointrh@istockphoto.com,archive.org,jpeirpointrh
Jessey Balmforth,jbalmforthri@g.co,wsj.com,jbalmforthri
Mary Jorg,mjorgrj@topsy.com,mtv.com,mjorgrj
Dorine Blaxill,dblaxillrk@soundcloud.com,ow.ly,dblaxillrk
Osborn Elener,oelenerrl@hexun.com,naver.com,oelenerrl
Any Woodburn,awoodburnrm@dedecms.com,histats.com,awoodburnrm
Hayden Enoch,henochrn@vinaora.com,goo.ne.jp,henochrn
Giffie Arguile,garguilero@nih.gov,icio.us,garguilero
Neysa Osichev,nosichevrp@tuttocitta.it,jugem.jp,nosichevrp
Kelila Loalday,kloaldayrq@vkontakte.ru,google.com,kloaldayrq
Theodora Daal,tdaalrr@gnu.org,usatoday.com,tdaalrr
